Keyword,Match Type
free,Broad
cheap flights,Broad
flights,Broad
airfare,Broad
airline,Broad
job,Broad
jobs,Broad
career,Broad
internship,Broad
resume,Broad
visa application,Broad
visa requirements,Broad
ticket refund,Broad
wallpaper,Broad
desktop wallpaper,Broad
stock photos,Broad
photos download,Broad
hostel,Broad
hostel jobs,Broad
hotel jobs,Broad
apartment for rent,Broad
property for sale,Broad
rental car,Broad
car rental,Broad
cruise,Broad
cruises,Broad
travel insurance,Broad
coupon,Broad
discount code,Broad
pdf map,Broad
free map,Broad
how to get to,Broad
camping gear,Broad
gear reviews,Broad
backpacking,Broad
volunteer,Broad
study abroad,Broad
university,Broad
immigration,Broad
cheap tour,Broad
baby stroller rental,Broad
nanny bali,Broad
kindergarten bali,Broad
baby formula,Broad
diaper sale,Broad
parenting classes,Broad
kids toy store,Broad
school admission,Broad
childcare jobs,Broad
family visa application,Broad
